datetime,open,high,low,close,volume,close_time,asset_volume,trade_number,taker_buy_base,taker_buy_quote
2020-10-03 12:15:00,297.92000000,297.92000000,297.34000000,297.77000000,3.45854000,1601720999999,1029.56438090,16,3.07655000,915.95528210
2020-10-03 12:30:00,297.18000000,298.29000000,297.18000000,297.91000000,1.78085000,1601721899999,530.54703580,13,1.71955000,512.32990180
2020-10-03 12:45:00,297.86000000,298.74000000,297.86000000,298.74000000,11.79948000,1601722799999,3522.72062140,18,10.01508000,2991.07897050
2020-10-03 13:00:00,298.56000000,298.56000000,298.09000000,298.38000000,6.37399000,1601723699999,1902.17421890,19,5.02606000,1500.36976520
2020-10-03 13:15:00,298.54000000,299.87000000,298.54000000,298.93000000,16.19733000,1601724599999,4844.82236150,37,14.38533000,4303.32428150
2020-10-03 13:30:00,298.50000000,298.50000000,297.80000000,298.00000000,5.39326000,1601725499999,1607.80067890,14,0.79133000,236.16365450
2020-10-03 13:45:00,298.31000000,298.50000000,298.20000000,298.20000000,5.65071000,1601726399999,1685.67112760,8,3.65071000,1089.27112760
2020-10-03 14:00:00,298.00000000,298.38000000,297.28000000,297.29000000,6.41928000,1601727299999,1910.79534590,15,2.73984000,816.15276940
2020-10-03 14:15:00,296.90000000,297.36000000,296.90000000,297.18000000,56.55027000,1601728199999,16813.94462720,29,11.72664000,3486.18110990
2020-10-03 14:30:00,297.24000000,297.57000000,296.90000000,297.57000000,23.72285000,1601729099999,7044.91346250,17,1.67968000,499.45431590
2020-10-03 14:45:00,297.57000000,297.57000000,297.20000000,297.20000000,0.29812000,1601729999999,88.65341600,5,0.29812000,88.65341600
2020-10-03 15:00:00,296.90000000,297.77000000,296.90000000,297.40000000,1.06215000,1601730899999,315.84736880,11,0.62592000,186.19104380
2020-10-03 15:15:00,297.32000000,297.39000000,297.31000000,297.39000000,1.08524000,1601731799999,322.68526120,3,1.08524000,322.68526120
2020-10-03 15:30:00,297.38000000,297.41000000,296.90000000,296.90000000,17.04886000,1601732699999,5063.03357120,25,3.02285000,898.70581700
2020-10-03 15:45:00,297.39000000,297.39000000,296.90000000,297.28000000,118.90629000,1601733599999,35305.01661480,26,5.64577000,1677.96822680
2020-10-03 16:00:00,296.90000000,297.09000000,296.51000000,296.51000000,29.97549000,1601734499999,8891.02156730,11,1.64503000,488.71647930
2020-10-03 16:15:00,297.30000000,297.96000000,297.30000000,297.78000000,1.16521000,1601735399999,346.92584040,9,1.16521000,346.92584040
2020-10-03 16:30:00,297.59000000,297.98000000,297.55000000,297.82000000,20.53989000,1601736299999,6116.03032360,13,20.25235000,6030.46129500
2020-10-03 16:45:00,297.75000000,297.76000000,297.34000000,297.34000000,2.53409000,1601737199999,753.65783480,9,2.53409000,753.65783480
2020-10-03 17:00:00,297.12000000,297.24000000,297.12000000,297.24000000,1.64448000,1601738099999,488.63155320,4,1.64448000,488.63155320
2020-10-03 17:15:00,297.55000000,298.08000000,297.21000000,297.74000000,27.54972000,1601738999999,8207.25957220,21,26.87072000,8005.45398220
2020-10-03 17:30:00,297.74000000,297.74000000,297.12000000,297.12000000,7.63479000,1601739899999,2270.80613140,11,0.89012000,264.80638000
2020-10-03 17:45:00,297.42000000,297.74000000,297.42000000,297.74000000,3.45297000,1601740799999,1027.42283660,10,3.45297000,1027.42283660
2020-10-03 18:00:00,298.01000000,298.01000000,297.76000000,297.76000000,3.07628000,1601741699999,916.06270220,7,0.00000000,0.00000000
2020-10-03 18:15:00,297.98000000,298.16000000,297.98000000,298.00000000,0.80239000,1601742599999,239.13289280,8,0.44317000,132.08533280
2020-10-03 18:30:00,298.00000000,298.16000000,297.07000000,297.76000000,70.60076000,1601743499999,20990.81740760,37,3.65776000,1090.12718400
2020-10-03 18:45:00,298.30000000,298.65000000,297.56000000,298.65000000,18.38012000,1601744399999,5481.54468500,22,16.62256000,4957.70471540
2020-10-03 19:00:00,298.20000000,298.42000000,297.50000000,297.51000000,3.68820000,1601745299999,1098.74945030,13,1.65820000,494.55781980
2020-10-03 19:15:00,298.18000000,298.18000000,298.02000000,298.02000000,0.81977000,1601746199999,244.36358640,6,0.81977000,244.36358640
2020-10-03 19:30:00,298.18000000,298.18000000,298.18000000,298.18000000,0.56341000,1601747099999,167.99759380,1,0.56341000,167.99759380
2020-10-03 19:45:00,298.18000000,298.94000000,298.18000000,298.94000000,7.99206000,1601747999999,2385.26373250,20,7.99206000,2385.26373250
2020-10-03 20:00:00,299.00000000,299.64000000,299.00000000,299.64000000,3.48740000,1601748899999,1044.12766100,9,0.91270000,273.10121600
2020-10-03 20:15:00,299.99000000,301.00000000,299.99000000,300.82000000,39.70638000,1601749799999,11924.03336200,60,34.02144000,10213.08916270
2020-10-03 20:30:00,300.62000000,300.79000000,299.88000000,300.54000000,4.90254000,1601750699999,1472.34247300,14,4.07250000,1223.33517780
2020-10-03 20:45:00,300.13000000,300.33000000,299.97000000,299.97000000,5.61558000,1601751599999,1685.59170270,10,5.41294000,1624.80578190
2020-10-03 21:00:00,300.91000000,301.00000000,300.49000000,300.66000000,2.99411000,1601752499999,900.63935690,9,2.99411000,900.63935690
2020-10-03 21:15:00,300.37000000,300.39000000,300.37000000,300.38000000,5.37926000,1601753399999,1615.82272270,8,3.72953000,1120.27622140
2020-10-03 21:30:00,300.38000000,300.38000000,300.38000000,300.38000000,0.98548000,1601754299999,296.01848240,11,0.98548000,296.01848240
2020-10-03 21:45:00,300.38000000,300.45000000,300.30000000,300.45000000,6.16675000,1601755199999,1852.45250770,19,6.16675000,1852.45250770
2020-10-03 22:00:00,300.62000000,300.62000000,300.03000000,300.43000000,3.15926000,1601756099999,948.80220720,11,2.48626000,746.88201720
2020-10-03 22:15:00,300.23000000,300.43000000,299.04000000,299.04000000,8.03494000,1601756999999,2412.26363420,19,7.91699000,2376.98284010
2020-10-03 22:30:00,299.77000000,299.77000000,299.20000000,299.37000000,0.75140000,1601757899999,225.08900140,7,0.70962000,212.58842540
2020-10-03 22:45:00,299.55000000,299.55000000,299.53000000,299.53000000,0.47896000,1601758799999,143.46522000,2,0.11656000,34.91554800
2020-10-03 23:00:00,299.53000000,299.77000000,298.41000000,298.68000000,9.28375000,1601759699999,2774.60529340,17,2.49881000,748.80364760
2020-10-03 23:15:00,298.68000000,299.17000000,298.54000000,299.17000000,1.81072000,1601760599999,540.82524500,5,0.09900000,29.60607000
2020-10-03 23:30:00,298.93000000,300.41000000,298.93000000,299.34000000,80.10765000,1601761499999,24008.55846740,39,72.74188000,21804.94105650
2020-10-03 23:45:00,299.34000000,299.34000000,299.28000000,299.28000000,1.16335000,1601762399999,348.17718900,4,1.16335000,348.17718900
2020-10-04 00:00:00,299.31000000,299.48000000,298.00000000,298.40000000,2.07806000,1601763299999,621.33807120,13,1.61267000,482.54441460
2020-10-04 00:15:00,298.20000000,298.55000000,298.20000000,298.55000000,2.16422000,1601764199999,645.83447250,6,1.32591000,395.85043050
2020-10-04 00:30:00,298.20000000,298.20000000,297.56000000,297.57000000,1.31771000,1601765099999,392.11802400,7,1.06513000,316.94211140
2020-10-04 00:45:00,297.75000000,297.79000000,297.75000000,297.79000000,2.90389000,1601765999999,864.71521230,6,2.90389000,864.71521230
2020-10-04 01:00:00,297.79000000,297.79000000,297.79000000,297.79000000,0.00000000,1601766899999,0.00000000,0,0.00000000,0.00000000
2020-10-04 01:15:00,297.90000000,297.90000000,297.51000000,297.51000000,2.74414000,1601767799999,816.63039510,15,2.74414000,816.63039510
2020-10-04 01:30:00,297.51000000,297.51000000,296.25000000,296.25000000,30.96828000,1601768699999,9176.68668700,11,0.00000000,0.00000000
2020-10-04 01:45:00,296.47000000,296.93000000,296.47000000,296.93000000,0.82585000,1601769599999,244.99880550,5,0.77585000,230.17530550
2020-10-04 02:00:00,296.17000000,297.42000000,296.02000000,297.42000000,2.42343000,1601770499999,718.00986240,9,0.09865000,29.34048300
2020-10-04 02:15:00,297.42000000,297.42000000,297.42000000,297.42000000,0.00000000,1601771399999,0.00000000,0,0.00000000,0.00000000
2020-10-04 02:30:00,297.42000000,297.42000000,297.42000000,297.42000000,0.00000000,1601772299999,0.00000000,0,0.00000000,0.00000000
2020-10-04 02:45:00,297.78000000,297.78000000,297.78000000,297.78000000,0.36103000,1601773199999,107.50751340,3,0.36103000,107.50751340
2020-10-04 03:00:00,297.59000000,297.59000000,297.41000000,297.41000000,0.59358000,1601774099999,176.58427920,4,0.59358000,176.58427920
2020-10-04 03:15:00,296.78000000,296.78000000,296.77000000,296.77000000,0.13852000,1601774999999,41.10912600,3,0.00000000,0.00000000
2020-10-04 03:30:00,296.27000000,296.27000000,295.11000000,295.39000000,6.17583000,1601775899999,1824.43544400,16,1.33049000,393.04107000
2020-10-04 03:45:00,295.95000000,295.95000000,295.95000000,295.95000000,0.30313000,1601776799999,89.71132350,3,0.30313000,89.71132350
2020-10-04 04:00:00,296.01000000,296.01000000,296.01000000,296.01000000,0.06607000,1601777699999,19.55738070,1,0.06607000,19.55738070
2020-10-04 04:15:00,295.50000000,295.60000000,295.12000000,295.60000000,3.43112000,1601778599999,1013.48062330,12,2.57305000,759.92041990
2020-10-04 04:30:00,296.22000000,296.22000000,296.13000000,296.13000000,0.23062000,1601779499999,68.30541570,4,0.23062000,68.30541570
2020-10-04 04:45:00,296.54000000,296.77000000,296.35000000,296.54000000,20.40297000,1601780399999,6050.61303580,27,6.97757000,2069.36693790
2020-10-04 05:00:00,296.70000000,296.70000000,296.70000000,296.70000000,0.08426000,1601781299999,24.99994200,1,0.00000000,0.00000000
2020-10-04 05:15:00,296.70000000,296.70000000,296.70000000,296.70000000,0.00000000,1601782199999,0.00000000,0,0.00000000,0.00000000
2020-10-04 05:30:00,296.68000000,296.68000000,296.68000000,296.68000000,0.38594000,1601783099999,114.50067920,4,0.38594000,114.50067920
2020-10-04 05:45:00,296.68000000,296.68000000,296.68000000,296.68000000,0.00000000,1601783999999,0.00000000,0,0.00000000,0.00000000
2020-10-04 06:00:00,296.40000000,296.40000000,296.40000000,296.40000000,0.04070000,1601784899999,12.06348000,1,0.00000000,0.00000000
2020-10-04 06:15:00,297.02000000,297.76000000,297.01000000,297.58000000,3.17773000,1601785799999,945.39441780,7,2.17773000,648.37941780
2020-10-04 06:30:00,297.57000000,297.57000000,297.57000000,297.57000000,0.05072000,1601786699999,15.09275040,1,0.00000000,0.00000000
2020-10-04 06:45:00,297.57000000,297.57000000,297.57000000,297.57000000,1.00000000,1601787599999,297.57000000,1,1.00000000,297.57000000
2020-10-04 07:00:00,297.58000000,297.95000000,297.48000000,297.95000000,8.44000000,1601788499999,2512.79808870,6,8.44000000,2512.79808870
2020-10-04 07:15:00,297.76000000,297.77000000,297.76000000,297.77000000,0.21347000,1601789399999,63.56353870,3,0.21347000,63.56353870
2020-10-04 07:30:00,297.77000000,297.77000000,297.77000000,297.77000000,0.00000000,1601790299999,0.00000000,0,0.00000000,0.00000000
2020-10-04 07:45:00,297.25000000,297.60000000,297.25000000,297.60000000,0.59133000,1601791199999,175.93774850,3,0.47116000,140.21721600
2020-10-04 08:00:00,297.60000000,298.27000000,297.60000000,297.94000000,4.17404000,1601792099999,1244.01082580,11,2.27169000,677.06953020
2020-10-04 08:15:00,298.32000000,299.02000000,298.32000000,298.87000000,6.42345000,1601792999999,1918.92100900,9,3.92345000,1172.71640900
2020-10-04 08:30:00,298.87000000,299.68000000,298.41000000,299.25000000,2.93287000,1601793899999,877.37114570,9,1.69141000,506.63922470
2020-10-04 08:45:00,299.25000000,299.69000000,299.25000000,299.39000000,22.09812000,1601794799999,6613.32508120,16,0.92318000,276.62281420
2020-10-04 09:00:00,299.69000000,299.80000000,298.81000000,298.81000000,48.56067000,1601795699999,14538.58801480,27,0.49587000,148.61978840
2020-10-04 09:15:00,298.81000000,298.81000000,298.81000000,298.81000000,0.00000000,1601796599999,0.00000000,0,0.00000000,0.00000000
2020-10-04 09:30:00,298.66000000,299.30000000,298.66000000,299.30000000,38.83209000,1601797499999,11619.86447510,14,38.73164000,11589.86407810
2020-10-04 09:45:00,298.89000000,299.13000000,298.45000000,298.93000000,13.53489000,1601798399999,4046.06825350,30,10.47824000,3132.39798740
2020-10-04 10:00:00,298.95000000,299.31000000,298.95000000,299.31000000,6.86102000,1601799299999,2052.49336710,12,6.86102000,2052.49336710
2020-10-04 10:15:00,299.31000000,299.55000000,299.03000000,299.04000000,6.70543000,1601800199999,2007.15248000,16,5.52143000,1653.09068000
2020-10-04 10:30:00,299.13000000,299.40000000,298.55000000,298.55000000,4.57310000,1601801099999,1367.78199740,11,4.16118000,1244.57944580
2020-10-04 10:45:00,298.36000000,298.62000000,298.00000000,298.44000000,6.73371000,1601801999999,2007.53465670,14,1.57264000,469.33524790
2020-10-04 11:00:00,298.44000000,298.84000000,298.40000000,298.84000000,16.62810000,1601802899999,4966.58641120,23,16.62810000,4966.58641120
2020-10-04 11:15:00,298.53000000,298.75000000,297.71000000,297.71000000,18.71558000,1601803799999,5584.46961630,15,10.47177000,3127.86659630
2020-10-04 11:30:00,297.56000000,297.76000000,297.14000000,297.14000000,1.45903000,1601804699999,433.71169930,10,0.17095000,50.87909800
2020-10-04 11:45:00,297.14000000,297.14000000,297.14000000,297.14000000,0.00000000,1601805599999,0.00000000,0,0.00000000,0.00000000
2020-10-04 12:00:00,297.59000000,298.10000000,296.60000000,296.60000000,40.04461000,1601806499999,11925.02953960,26,24.56701000,7318.85045060
2020-10-04 12:15:00,296.60000000,297.00000000,296.32000000,297.00000000,6.16071000,1601807399999,1828.62302480,22,4.09225000,1215.20987720
2020-10-04 12:30:00,296.92000000,297.00000000,296.92000000,297.00000000,3.19943000,1601808299999,950.22271000,12,3.09943000,920.53071000
2020-10-04 12:45:00,297.00000000,297.10000000,296.96000000,297.10000000,5.96901000,1601809199999,1772.90906570,11,4.55581000,1353.04734570
2020-10-04 13:00:00,297.10000000,297.73000000,296.89000000,297.73000000,5.15461000,1601810099999,1532.60199150,22,1.92314000,572.29139560
2020-10-04 13:15:00,297.73000000,297.73000000,297.09000000,297.09000000,3.63375000,1601810999999,1080.28646930,17,1.98113000,589.30959350
2020-10-04 13:30:00,297.09000000,297.50000000,297.09000000,297.37000000,5.58050000,1601811899999,1659.33724420,15,3.80437000,1131.30946610
2020-10-04 13:45:00,297.71000000,298.18000000,297.71000000,297.84000000,14.74508000,1601812799999,4395.74804940,10,14.65068000,4367.63195340
2020-10-04 14:00:00,297.77000000,298.05000000,297.14000000,297.45000000,14.78523000,1601813699999,4400.92830830,13,13.90087000,4137.73346690
2020-10-04 14:15:00,296.99000000,296.99000000,296.49000000,296.90000000,2.46929000,1601814599999,732.79595020,9,1.64701000,488.71565360
2020-10-04 14:30:00,296.90000000,296.90000000,296.17000000,296.83000000,2.81919000,1601815499999,836.50266280,13,1.08895000,323.14351400
2020-10-04 14:45:00,296.84000000,298.34000000,296.83000000,298.34000000,3.12306000,1601816399999,928.88323100,12,1.26635000,376.82598780
2020-10-04 15:00:00,298.90000000,299.50000000,298.80000000,298.81000000,4.87508000,1601817299999,1457.31502450,18,4.32783000,1293.79125200
2020-10-04 15:15:00,299.22000000,299.22000000,298.64000000,298.64000000,3.05385000,1601818199999,913.46676940,11,1.65707000,495.81887620
2020-10-04 15:30:00,298.64000000,298.64000000,297.94000000,298.47000000,3.50981000,1601819099999,1046.90099070,9,1.30981000,390.93899070
2020-10-04 15:45:00,298.16000000,298.47000000,298.12000000,298.47000000,2.10965000,1601819999999,629.18884650,5,0.65535000,195.60231450
2020-10-04 16:00:00,298.47000000,298.83000000,298.34000000,298.34000000,3.76730000,1601820899999,1124.81723610,15,3.36730000,1005.34523610
2020-10-04 16:15:00,298.34000000,298.66000000,298.29000000,298.66000000,3.74721000,1601821799999,1118.17136680,19,3.74721000,1118.17136680
2020-10-04 16:30:00,298.66000000,299.36000000,298.66000000,299.36000000,11.49679000,1601822699999,3437.67585510,18,8.72056000,2608.52700330
2020-10-04 16:45:00,298.41000000,298.50000000,298.26000000,298.26000000,4.03158000,1601823599999,1203.18394520,10,4.03158000,1203.18394520
2020-10-04 17:00:00,298.44000000,298.57000000,298.34000000,298.52000000,3.78213000,1601824499999,1128.70972250,16,3.78213000,1128.70972250
2020-10-04 17:15:00,297.89000000,298.59000000,297.50000000,298.59000000,10.63525000,1601825399999,3169.68768070,22,5.37318000,1603.26392410
2020-10-04 17:30:00,298.28000000,298.45000000,297.50000000,297.88000000,7.90010000,1601826299999,2353.63309080,22,4.00147000,1193.05758440
2020-10-04 17:45:00,297.94000000,297.94000000,297.20000000,297.81000000,4.51703000,1601827199999,1343.02319350,12,1.29564000,385.22351870
2020-10-04 18:00:00,297.58000000,298.10000000,297.22000000,297.22000000,17.62199000,1601828099999,5242.87600490,18,2.64367000,787.29954670
2020-10-04 18:15:00,298.46000000,298.46000000,298.28000000,298.43000000,2.02467000,1601828999999,604.07674200,5,2.02467000,604.07674200
2020-10-04 18:30:00,298.28000000,298.46000000,298.28000000,298.46000000,0.21832000,1601829899999,65.14703420,3,0.21832000,65.14703420
2020-10-04 18:45:00,298.23000000,298.59000000,297.85000000,298.59000000,10.16136000,1601830799999,3031.03617840,24,7.90122000,2356.93606150
2020-10-04 19:00:00,298.69000000,299.00000000,297.69000000,298.92000000,41.08816000,1601831699999,12249.89157410,39,8.29216000,2477.99130950
2020-10-04 19:15:00,298.65000000,298.71000000,298.50000000,298.50000000,3.83796000,1601832599999,1146.28884880,11,3.83796000,1146.28884880
2020-10-04 19:30:00,298.32000000,298.90000000,298.20000000,298.90000000,9.17271000,1601833499999,2737.69181480,26,4.64455000,1386.06384860
2020-10-04 19:45:00,298.70000000,298.90000000,298.20000000,298.71000000,10.83226000,1601834399999,3232.39316270,15,2.97977000,890.40221310
2020-10-04 20:00:00,298.90000000,301.45000000,298.85000000,300.85000000,62.23122000,1601835299999,18668.06048240,75,56.77893000,17032.32532980
2020-10-04 20:15:00,301.36000000,301.61000000,300.84000000,301.61000000,9.40273000,1601836199999,2834.24091710,29,8.64973000,2607.70839710
2020-10-04 20:30:00,301.61000000,301.61000000,301.08000000,301.21000000,2.86369000,1601837099999,862.87606510,17,1.52146000,458.33027800
2020-10-04 20:45:00,300.69000000,300.69000000,300.69000000,300.69000000,0.40000000,1601837999999,120.27600000,1,0.00000000,0.00000000
2020-10-04 21:00:00,301.62000000,302.00000000,300.69000000,301.05000000,13.30873000,1601838899999,4013.27768570,30,10.12110000,3051.77940360
2020-10-04 21:15:00,301.05000000,301.60000000,301.05000000,301.34000000,3.30443000,1601839799999,995.77571080,12,3.30443000,995.77571080
2020-10-04 21:30:00,301.39000000,301.48000000,300.89000000,301.48000000,8.22781000,1601840699999,2478.45383860,17,7.35832000,2216.49067750
2020-10-04 21:45:00,301.48000000,303.02000000,301.48000000,302.70000000,82.78793000,1601841599999,25050.20341520,57,82.25285000,24888.37496930
2020-10-04 22:00:00,303.50000000,303.55000000,302.00000000,302.23000000,28.35481000,1601842499999,8574.66021560,49,4.68500000,1418.52763680
2020-10-04 22:15:00,302.45000000,303.02000000,302.45000000,303.02000000,6.34430000,1601843399999,1920.73104030,15,4.91993000,1489.93033380
2020-10-04 22:30:00,302.17000000,302.17000000,301.79000000,302.17000000,3.03988000,1601844299999,917.69413960,10,0.71364000,215.44727000
2020-10-04 22:45:00,301.27000000,301.56000000,300.55000000,301.56000000,6.59559000,1601845199999,1984.13534470,12,0.51945000,156.64534200
2020-10-04 23:00:00,301.55000000,301.92000000,301.39000000,301.78000000,8.91046000,1601846099999,2688.10357980,18,8.18846000,2470.49999980
2020-10-04 23:15:00,302.06000000,302.17000000,302.00000000,302.17000000,3.74150000,1601846999999,1130.13939770,5,3.74150000,1130.13939770
2020-10-04 23:30:00,301.42000000,301.42000000,301.34000000,301.34000000,2.06429000,1601847899999,622.19114060,7,2.06429000,622.19114060
2020-10-04 23:45:00,301.61000000,301.87000000,301.25000000,301.25000000,3.49933000,1601848799999,1055.32912490,9,3.41340000,1029.44271240
2020-10-05 00:00:00,301.25000000,301.60000000,300.76000000,301.51000000,56.54601000,1601849699999,17047.42556320,28,46.74712000,14093.59510700
2020-10-05 00:15:00,301.96000000,301.96000000,301.53000000,301.53000000,1.65395000,1601850599999,498.74342040,2,1.65395000,498.74342040
2020-10-05 00:30:00,301.52000000,301.52000000,301.52000000,301.52000000,1.29709000,1601851499999,391.09857680,3,1.29709000,391.09857680
2020-10-05 00:45:00,301.52000000,301.52000000,301.52000000,301.52000000,0.00000000,1601852399999,0.00000000,0,0.00000000,0.00000000
2020-10-05 01:00:00,301.52000000,301.97000000,301.23000000,301.23000000,13.82046000,1601853299999,4172.06475480,11,2.42880000,733.23528040
2020-10-05 01:15:00,301.95000000,301.95000000,301.53000000,301.53000000,1.81495000,1601854199999,547.29664530,2,0.08279000,24.99844050
2020-10-05 01:30:00,301.77000000,301.77000000,300.80000000,300.80000000,0.70443000,1601855099999,211.97416250,3,0.04859000,14.66300430
2020-10-05 01:45:00,301.21000000,301.21000000,301.21000000,301.21000000,0.15367000,1601855999999,46.28694070,1,0.00000000,0.00000000
2020-10-05 02:00:00,302.17000000,304.13000000,302.17000000,303.87000000,16.28164000,1601856899999,4935.99810760,13,16.13764000,4892.28690760
2020-10-05 02:15:00,303.75000000,303.75000000,303.34000000,303.42000000,3.75855000,1601857799999,1140.82997500,14,0.73956000,224.39729520
2020-10-05 02:30:00,303.42000000,303.42000000,303.42000000,303.42000000,0.00000000,1601858699999,0.00000000,0,0.00000000,0.00000000
2020-10-05 02:45:00,303.42000000,303.42000000,303.42000000,303.42000000,0.00000000,1601859599999,0.00000000,0,0.00000000,0.00000000
2020-10-05 03:00:00,302.71000000,303.00000000,302.71000000,303.00000000,0.26410000,1601860499999,79.99356100,4,0.16500000,49.99500000
2020-10-05 03:15:00,303.47000000,303.47000000,303.20000000,303.20000000,0.52024000,1601861399999,157.82387540,7,0.52024000,157.82387540
2020-10-05 03:30:00,302.89000000,302.89000000,302.83000000,302.83000000,2.14950000,1601862299999,651.05025900,2,0.19660000,59.53637800
2020-10-05 03:45:00,302.59000000,302.59000000,302.08000000,302.08000000,0.80144000,1601863199999,242.22760610,5,0.25000000,75.64750000
2020-10-05 04:00:00,302.48000000,302.84000000,302.40000000,302.40000000,1.08850000,1601864099999,329.43345720,6,1.03394000,312.93451320
2020-10-05 04:15:00,302.59000000,302.98000000,302.55000000,302.55000000,1.12381000,1601864999999,340.33881250,6,0.81259000,246.17920150
2020-10-05 04:30:00,302.14000000,302.14000000,302.14000000,302.14000000,1.10827000,1601865899999,334.85269780,7,0.00000000,0.00000000
2020-10-05 04:45:00,302.31000000,302.82000000,302.31000000,302.82000000,0.85302000,1601866799999,258.01075620,3,0.21765000,65.90877300
2020-10-05 05:00:00,302.82000000,302.82000000,302.81000000,302.81000000,0.39895000,1601867699999,120.80823750,3,0.39895000,120.80823750
2020-10-05 05:15:00,302.14000000,302.14000000,301.19000000,301.19000000,6.58497000,1601868599999,1984.70338420,10,0.03982000,11.99776600
2020-10-05 05:30:00,301.19000000,301.19000000,301.19000000,301.19000000,0.00000000,1601869499999,0.00000000,0,0.00000000,0.00000000
2020-10-05 05:45:00,301.50000000,301.50000000,300.63000000,300.63000000,1.36527000,1601870399999,410.52789120,6,0.05538000,16.69707000
2020-10-05 06:00:00,300.58000000,300.58000000,299.32000000,299.32000000,33.47826000,1601871299999,10031.10131920,17,1.14944000,345.44564800
2020-10-05 06:15:00,300.55000000,300.75000000,300.55000000,300.75000000,0.36681000,1601872199999,110.25703150,3,0.36681000,110.25703150
2020-10-05 06:30:00,300.97000000,300.97000000,300.97000000,300.97000000,0.41336000,1601873099999,124.40895920,4,0.41336000,124.40895920
2020-10-05 06:45:00,300.30000000,300.85000000,300.30000000,300.85000000,30.17310000,1601873999999,9074.70670330,8,30.17310000,9074.70670330
2020-10-05 07:00:00,300.88000000,300.88000000,300.55000000,300.55000000,2.00140000,1601874899999,601.85077000,4,2.00140000,601.85077000
2020-10-05 07:15:00,300.88000000,301.32000000,300.88000000,301.32000000,2.05000000,1601875799999,617.13868680,3,2.05000000,617.13868680
2020-10-05 07:30:00,300.58000000,301.79000000,300.58000000,301.77000000,1.71883000,1601876699999,518.10462710,12,1.07062000,322.89287630
2020-10-05 07:45:00,301.84000000,301.84000000,301.84000000,301.84000000,0.95000000,1601877599999,286.74800000,1,0.95000000,286.74800000
2020-10-05 08:00:00,301.57000000,301.80000000,299.59000000,299.59000000,9.12963000,1601878499999,2752.54835050,18,7.83526000,2363.12937240
2020-10-05 08:15:00,299.17000000,299.17000000,298.14000000,298.86000000,17.03426000,1601879399999,5090.07520710,39,4.30569000,1286.54682220
2020-10-05 08:30:00,299.18000000,299.57000000,299.18000000,299.57000000,12.21149000,1601880299999,3656.22351210,9,8.69245000,2602.27103210
2020-10-05 08:45:00,299.93000000,300.00000000,299.65000000,299.84000000,6.32972000,1601881199999,1898.25013300,15,5.63330000,1689.45293350
2020-10-05 09:00:00,299.65000000,301.08000000,299.65000000,300.95000000,23.35465000,1601882099999,7025.11853600,19,20.66881000,6218.44548700
2020-10-05 09:15:00,301.14000000,301.28000000,299.95000000,300.13000000,13.97060000,1601882999999,4201.94689380,29,13.80315000,4151.70184680
2020-10-05 09:30:00,300.30000000,301.24000000,300.12000000,301.20000000,5.68601000,1601883899999,1709.08179000,19,1.90586000,573.31089370
2020-10-05 09:45:00,300.94000000,301.07000000,300.33000000,300.35000000,6.13985000,1601884799999,1845.48511580,14,1.94136000,583.77535860
2020-10-05 10:00:00,300.78000000,300.78000000,299.83000000,299.83000000,1.13380000,1601885699999,340.84582040,8,0.92395000,277.87164650
2020-10-05 10:15:00,300.38000000,300.38000000,299.30000000,300.20000000,38.46899000,1601886599999,11539.09748120,52,37.02192000,11105.73419800
2020-10-05 10:30:00,300.20000000,300.52000000,299.57000000,300.17000000,17.20212000,1601887499999,5162.92442250,24,9.89355000,2970.79570480
2020-10-05 10:45:00,300.17000000,300.79000000,299.50000000,300.01000000,8.41800000,1601888399999,2526.02714680,16,3.16961000,951.42679720
2020-10-05 11:00:00,299.73000000,300.83000000,299.26000000,300.30000000,33.13546000,1601889299999,9939.47365610,56,21.16707000,6349.82993380
2020-10-05 11:15:00,300.28000000,301.00000000,300.04000000,300.54000000,29.46007000,1601890199999,8852.28362670,37,27.79921000,8353.57517550
2020-10-05 11:30:00,300.30000000,301.28000000,300.00000000,300.44000000,19.52815000,1601891099999,5868.41636750,54,15.09442000,4536.73712180
2020-10-05 11:45:00,300.63000000,300.66000000,300.06000000,300.41000000,4.77799000,1601891999999,1435.73999970,17,3.42905000,1030.73792970
2020-10-05 12:00:00,300.35000000,300.50000000,299.47000000,299.47000000,11.48419000,1601892899999,3444.85653690,22,6.15621000,1848.62601690
2020-10-05 12:15:00,300.11000000,300.50000000,299.24000000,299.24000000,20.99036000,1601893799999,6295.92492030,49,17.03142000,5110.85412110
2020-10-05 12:30:00,299.73000000,300.85000000,299.73000000,300.85000000,20.17131000,1601894699999,6051.24492860,27,11.66001000,3498.06699070
2020-10-05 12:45:00,300.85000000,301.07000000,300.50000000,300.50000000,5.80493000,1601895599999,1744.73891910,16,0.76011000,228.74200860
2020-10-05 13:00:00,300.50000000,301.26000000,300.14000000,301.26000000,7.62037000,1601896499999,2291.67877910,22,3.97878000,1197.44380050
2020-10-05 13:15:00,300.33000000,300.79000000,300.28000000,300.28000000,2.75811000,1601897399999,828.79613160,12,1.51571000,455.66613960
2020-10-05 13:30:00,300.17000000,300.41000000,299.84000000,300.33000000,10.11472000,1601898299999,3037.54565210,12,9.93932000,2984.95371610
2020-10-05 13:45:00,300.28000000,300.32000000,299.77000000,299.77000000,15.42113000,1601899199999,4627.45442220,25,8.56827000,2572.84359980
2020-10-05 14:00:00,299.77000000,299.77000000,298.98000000,299.21000000,17.71641000,1601900099999,5303.90432280,20,15.41686000,4616.08582370
2020-10-05 14:15:00,299.89000000,300.71000000,299.89000000,300.63000000,3.88927000,1601900999999,1167.78301220,13,3.88927000,1167.78301220
2020-10-05 14:30:00,300.48000000,300.49000000,299.39000000,299.72000000,10.03226000,1601901899999,3007.95868370,14,1.80697000,542.73937320
2020-10-05 14:45:00,300.25000000,300.63000000,299.41000000,300.63000000,45.31034000,1601902799999,13609.32323030,32,33.71034000,10133.71026570
2020-10-05 15:00:00,301.28000000,301.58000000,300.72000000,301.02000000,23.38670000,1601903699999,7039.93009120,39,19.50653000,5872.23312640
2020-10-05 15:15:00,300.40000000,301.16000000,300.40000000,300.81000000,45.34985000,1601904599999,13642.48218210,53,44.91700000,13512.45404210
2020-10-05 15:30:00,300.81000000,301.31000000,300.43000000,301.00000000,12.78846000,1601905499999,3850.29817300,19,6.40801000,1930.21892260
2020-10-05 15:45:00,301.00000000,301.09000000,300.30000000,300.88000000,20.47351000,1601906399999,6158.44852660,33,19.97351000,6008.25352660
2020-10-05 16:00:00,301.11000000,301.18000000,299.97000000,299.97000000,3.83694000,1601907299999,1152.48107920,13,0.65616000,197.39469480
2020-10-05 16:15:00,300.00000000,300.62000000,299.97000000,300.62000000,12.58577000,1601908199999,3776.93744220,12,2.94235000,883.91439240
2020-10-05 16:30:00,300.76000000,301.20000000,300.76000000,301.11000000,9.63213000,1601909099999,2900.07045610,20,1.46498000,440.74640990
2020-10-05 16:45:00,301.45000000,301.45000000,301.21000000,301.21000000,1.55289000,1601909999999,467.81098260,9,1.55289000,467.81098260
2020-10-05 17:00:00,300.89000000,301.65000000,300.57000000,301.22000000,17.12111000,1601910899999,5158.68208000,29,16.51403000,4976.20989360
2020-10-05 17:15:00,301.65000000,301.65000000,300.38000000,300.38000000,4.63259000,1601911799999,1393.62379080,17,4.06689000,1223.20666580
2020-10-05 17:30:00,300.83000000,300.88000000,300.83000000,300.88000000,0.84628000,1601912699999,254.59048290,10,0.84628000,254.59048290
2020-10-05 17:45:00,300.88000000,301.02000000,300.71000000,301.02000000,2.17837000,1601913599999,655.28294100,12,1.80769000,543.75274260
2020-10-05 18:00:00,301.09000000,301.26000000,300.54000000,301.26000000,28.85417000,1601914499999,8676.82982820,23,28.02606000,8427.92464880
2020-10-05 18:15:00,301.25000000,301.25000000,301.02000000,301.06000000,6.18894000,1601915399999,1863.57167840,13,2.78024000,837.34196440
2020-10-05 18:30:00,300.89000000,300.90000000,300.25000000,300.46000000,6.45790000,1601916299999,1941.12104470,19,3.67992000,1106.64586810
2020-10-05 18:45:00,301.05000000,301.67000000,301.05000000,301.67000000,11.90268000,1601917199999,3588.45413890,30,10.66322000,3215.28586060
2020-10-05 19:00:00,300.85000000,301.33000000,300.85000000,301.33000000,0.93004000,1601918099999,280.11169040,4,0.64858000,195.43444940
2020-10-05 19:15:00,301.02000000,301.03000000,300.75000000,300.84000000,5.82167000,1601918999999,1751.94795990,8,5.82167000,1751.94795990
2020-10-05 19:30:00,300.79000000,300.85000000,300.21000000,300.21000000,57.23984000,1601919899999,17189.93435070,47,7.12453000,2142.20440340
2020-10-05 19:45:00,300.00000000,300.33000000,299.50000000,299.61000000,318.08903000,1601920799999,95425.65230190,107,5.48268000,1645.23743910
2020-10-05 20:00:00,300.06000000,300.06000000,299.22000000,299.22000000,3.48244000,1601921699999,1044.00935320,13,3.34300000,1002.25032360
2020-10-05 20:15:00,299.51000000,299.51000000,298.25000000,298.25000000,5.13272000,1601922599999,1535.84729720,27,3.81964000,1143.64720610
2020-10-05 20:30:00,299.27000000,299.74000000,299.19000000,299.74000000,6.23734000,1601923499999,1866.77068140,10,3.07442000,920.24677380
2020-10-05 20:45:00,299.74000000,299.89000000,299.50000000,299.89000000,2.25175000,1601924399999,675.07175070,16,2.15339000,645.61293070
2020-10-05 21:00:00,299.58000000,299.96000000,299.58000000,299.73000000,8.41915000,1601925299999,2523.94063020,27,5.69234000,1706.59274580
2020-10-05 21:15:00,299.73000000,299.97000000,299.48000000,299.83000000,23.06606000,1601926199999,6917.37627710,24,7.41624000,2223.52533170
2020-10-05 21:30:00,299.83000000,299.99000000,299.12000000,299.97000000,3.31390000,1601927099999,992.91145890,17,2.31390000,693.79145890
2020-10-05 21:45:00,299.50000000,300.28000000,299.43000000,300.03000000,11.39324000,1601927999999,3416.55943790,25,11.02293000,3305.67751460
2020-10-05 22:00:00,300.33000000,300.55000000,299.68000000,299.68000000,15.12870000,1601928899999,4543.35763580,25,14.80270000,4445.66195580
2020-10-05 22:15:00,299.19000000,300.67000000,299.19000000,300.35000000,18.58713000,1601929799999,5584.88864290,26,18.28413000,5494.18619290
2020-10-05 22:30:00,299.98000000,300.15000000,299.97000000,299.99000000,6.00535000,1601930699999,1801.96550540,15,6.00535000,1801.96550540
2020-10-05 22:45:00,299.95000000,300.16000000,299.90000000,300.16000000,16.32499000,1601931599999,4899.24790410,9,16.32499000,4899.24790410
2020-10-05 23:00:00,300.34000000,301.00000000,300.25000000,301.00000000,6.71361000,1601932499999,2020.02152520,16,6.54361000,1968.97902520
2020-10-05 23:15:00,300.27000000,300.90000000,300.27000000,300.90000000,1.27917000,1601933399999,384.40328040,7,0.48715000,146.58343500
2020-10-05 23:30:00,301.00000000,301.15000000,300.00000000,300.18000000,13.45814000,1601934299999,4040.16357190,22,1.40619000,423.38415610
2020-10-05 23:45:00,300.78000000,300.78000000,300.78000000,300.78000000,0.38069000,1601935199999,114.50393820,4,0.38069000,114.50393820
2020-10-06 00:00:00,301.00000000,301.36000000,301.00000000,301.29000000,2.42385000,1601936099999,730.00138620,6,2.32582000,700.45906540
2020-10-06 00:15:00,301.29000000,301.50000000,301.12000000,301.15000000,4.58774000,1601936999999,1382.15944600,9,2.39084000,720.56839820
2020-10-06 00:30:00,300.55000000,300.61000000,299.81000000,300.53000000,9.98641000,1601937899999,2996.38982590,19,2.28141000,685.67350770
2020-10-06 00:45:00,300.12000000,300.80000000,300.12000000,300.80000000,4.30138000,1601938799999,1291.04071320,20,2.88893000,867.13621920
2020-10-06 01:00:00,301.15000000,301.15000000,300.47000000,300.61000000,2.94532000,1601939699999,885.10476080,11,2.94532000,885.10476080
2020-10-06 01:15:00,300.44000000,300.47000000,300.44000000,300.45000000,1.85817000,1601940599999,558.28245040,7,1.85817000,558.28245040
2020-10-06 01:30:00,300.68000000,300.68000000,300.68000000,300.68000000,1.28938000,1601941499999,387.69077840,4,1.28938000,387.69077840
2020-10-06 01:45:00,300.62000000,301.74000000,300.62000000,301.74000000,17.91454000,1601942399999,5397.89494160,26,17.91454000,5397.89494160
2020-10-06 02:00:00,301.84000000,301.84000000,301.84000000,301.84000000,0.90000000,1601943299999,271.65600000,2,0.90000000,271.65600000
2020-10-06 02:15:00,301.15000000,301.21000000,301.15000000,301.21000000,0.10725000,1601944199999,32.30191110,2,0.10725000,32.30191110
2020-10-06 02:30:00,300.33000000,300.33000000,300.33000000,300.33000000,0.09183000,1601945099999,27.57930390,1,0.00000000,0.00000000
2020-10-06 02:45:00,300.00000000,300.00000000,300.00000000,300.00000000,0.03500000,1601945999999,10.50000000,1,0.00000000,0.00000000
2020-10-06 03:00:00,300.23000000,300.23000000,300.23000000,300.23000000,0.15295000,1601946899999,45.92017850,3,0.15295000,45.92017850
2020-10-06 03:15:00,300.56000000,300.56000000,299.60000000,299.83000000,4.78206000,1601947799999,1434.06693690,7,0.65083000,195.61346480
2020-10-06 03:30:00,299.95000000,299.95000000,299.95000000,299.95000000,0.15367000,1601948699999,46.09331650,1,0.00000000,0.00000000
2020-10-06 03:45:00,299.95000000,300.15000000,299.95000000,300.15000000,0.33915000,1601949599999,101.75882450,4,0.33915000,101.75882450
2020-10-06 04:00:00,300.09000000,300.09000000,300.09000000,300.09000000,0.06702000,1601950499999,20.11203180,1,0.00000000,0.00000000
2020-10-06 04:15:00,300.30000000,300.30000000,300.29000000,300.29000000,0.88929000,1601951399999,267.04989410,2,0.00000000,0.00000000
2020-10-06 04:30:00,301.02000000,301.60000000,301.02000000,301.02000000,0.69718000,1601952299999,209.95916480,5,0.69718000,209.95916480
2020-10-06 04:45:00,300.94000000,300.94000000,300.43000000,300.45000000,5.23521000,1601953199999,1574.18852500,9,0.00000000,0.00000000
2020-10-06 05:00:00,300.10000000,300.48000000,300.10000000,300.48000000,0.69304000,1601954099999,208.00604200,2,0.69304000,208.00604200
2020-10-06 05:15:00,300.33000000,300.48000000,300.33000000,300.48000000,0.61949000,1601954999999,186.13691670,4,0.56990000,171.24355200
2020-10-06 05:30:00,300.28000000,300.89000000,300.27000000,300.47000000,3.39432000,1601955899999,1020.36031560,6,0.00000000,0.00000000
2020-10-06 05:45:00,300.47000000,301.27000000,300.47000000,301.27000000,0.19655000,1601956799999,59.10172250,2,0.05543000,16.69939610
2020-10-06 06:00:00,301.27000000,301.27000000,301.27000000,301.27000000,0.00000000,1601957699999,0.00000000,0,0.00000000,0.00000000
2020-10-06 06:15:00,301.74000000,301.74000000,301.74000000,301.74000000,1.00548000,1601958599999,303.39353520,3,1.00548000,303.39353520
2020-10-06 06:30:00,301.27000000,301.27000000,301.27000000,301.27000000,0.55102000,1601959499999,166.00579540,3,0.55102000,166.00579540
2020-10-06 06:45:00,301.53000000,301.53000000,301.51000000,301.51000000,0.21072000,1601960399999,63.53742900,4,0.21072000,63.53742900
2020-10-06 07:00:00,300.92000000,300.92000000,300.92000000,300.92000000,0.08225000,1601961299999,24.75067000,1,0.08225000,24.75067000
2020-10-06 07:15:00,301.26000000,301.26000000,300.23000000,300.43000000,2.27580000,1601962199999,683.72785880,5,0.16596000,49.99710960
2020-10-06 07:30:00,300.43000000,300.43000000,300.43000000,300.43000000,0.00000000,1601963099999,0.00000000,0,0.00000000,0.00000000
2020-10-06 07:45:00,300.34000000,301.14000000,300.34000000,301.14000000,0.25019000,1601963999999,75.18862460,2,0.05820000,17.52634800
2020-10-06 08:00:00,301.26000000,301.26000000,300.65000000,300.65000000,1.33631000,1601964899999,402.51378640,6,1.23309000,371.48069340
2020-10-06 08:15:00,301.25000000,301.26000000,300.65000000,300.81000000,5.41694000,1601965799999,1629.78165690,23,2.14330000,645.30564450
2020-10-06 08:30:00,300.80000000,300.81000000,300.80000000,300.80000000,3.07509000,1601966699999,925.00209760,9,3.07509000,925.00209760
2020-10-06 08:45:00,300.80000000,301.26000000,300.80000000,301.26000000,49.73788000,1601967599999,14961.87984510,13,49.50656000,14892.29878910
2020-10-06 09:00:00,301.26000000,301.26000000,300.81000000,300.81000000,27.03307000,1601968499999,8140.14664010,24,17.46205000,5260.25255450
2020-10-06 09:15:00,300.77000000,301.25000000,300.30000000,300.32000000,14.47014000,1601969399999,4347.52141970,30,2.76274000,830.59375530
2020-10-06 09:30:00,300.23000000,300.71000000,299.73000000,299.99000000,39.79729000,1601970299999,11941.28470660,60,3.20884000,963.71866090
2020-10-06 09:45:00,299.89000000,300.06000000,298.63000000,298.63000000,6.08573000,1601971199999,1820.80965330,27,0.88522000,265.22600110
2020-10-06 10:00:00,298.63000000,299.07000000,298.00000000,298.88000000,6.55310000,1601972099999,1956.62756900,27,4.34882000,1299.27270200
2020-10-06 10:15:00,299.06000000,299.94000000,298.99000000,299.55000000,21.00942000,1601972999999,6290.06174990,49,13.07160000,3914.26963270
2020-10-06 10:30:00,299.55000000,299.94000000,299.12000000,299.37000000,9.61522000,1601973899999,2880.05763040,30,3.24919000,973.19429910
2020-10-06 10:45:00,299.94000000,300.12000000,299.48000000,299.77000000,6.91281000,1601974799999,2073.97706280,15,5.35270000,1606.01505510
2020-10-06 11:00:00,299.48000000,300.50000000,299.48000000,300.27000000,14.72017000,1601975699999,4421.03712970,21,14.61182000,4388.58847170
2020-10-06 11:15:00,300.27000000,300.50000000,299.86000000,299.86000000,5.38259000,1601976599999,1616.07544740,22,4.92430000,1478.63708400
2020-10-06 11:30:00,299.85000000,300.32000000,299.85000000,299.93000000,16.24459000,1601977499999,4875.55947580,32,7.31317000,2195.98920410
2020-10-06 11:45:00,299.93000000,300.56000000,299.93000000,300.15000000,2.08665000,1601978399999,626.14624280,9,0.70895000,212.81914280
2020-10-06 12:00:00,300.01000000,300.71000000,299.85000000,299.90000000,21.00920000,1601979299999,6306.47142470,21,11.60237000,3484.87753350
2020-10-06 12:15:00,299.85000000,300.14000000,299.05000000,299.29000000,40.24177000,1601980199999,12050.57552290,55,16.10380000,4827.24887200
2020-10-06 12:30:00,299.00000000,299.25000000,298.37000000,299.19000000,32.46006000,1601981099999,9695.83791500,69,3.06546000,916.47966280
2020-10-06 12:45:00,298.72000000,298.73000000,298.06000000,298.06000000,44.35954000,1601981999999,13240.29210880,68,0.54386000,162.44343240
2020-10-06 13:00:00,298.05000000,298.05000000,295.00000000,295.94000000,198.72350000,1601982899999,58947.53665330,116,30.88733000,9132.38008860
2020-10-06 13:15:00,294.80000000,295.74000000,293.29000000,294.68000000,38.83218000,1601983799999,11440.60504250,79,14.30769000,4220.06643750
2020-10-06 13:30:00,293.84000000,295.06000000,293.82000000,294.70000000,39.72582000,1601984699999,11688.81586760,45,6.72971000,1979.50240340
2020-10-06 13:45:00,295.15000000,295.16000000,294.50000000,294.80000000,10.36383000,1601985599999,3055.91195100,23,8.40162000,2477.29366120
2020-10-06 14:00:00,294.22000000,295.34000000,293.32000000,295.12000000,39.42636000,1601986499999,11614.53140560,35,23.13935000,6827.20316350
2020-10-06 14:15:00,294.60000000,295.23000000,294.16000000,295.23000000,14.64816000,1601987399999,4316.05096930,32,4.32868000,1277.13853790
2020-10-06 14:30:00,295.04000000,295.60000000,295.03000000,295.25000000,12.36435000,1601988299999,3652.88941260,21,11.36435000,3357.85441260
2020-10-06 14:45:00,295.00000000,295.86000000,294.39000000,295.05000000,10.92288000,1601989199999,3219.63784650,16,1.96009000,578.79758870
2020-10-06 15:00:00,294.50000000,295.65000000,294.30000000,295.62000000,10.78587000,1601990099999,3178.91270680,19,4.66283000,1375.84068180
2020-10-06 15:15:00,295.20000000,295.67000000,295.18000000,295.50000000,3.83719000,1601990999999,1133.98154390,17,3.30438000,976.44561120
2020-10-06 15:30:00,295.83000000,295.90000000,295.83000000,295.89000000,1.68224000,1601991899999,497.75630860,5,1.68224000,497.75630860
2020-10-06 15:45:00,295.29000000,295.90000000,295.00000000,295.00000000,15.37286000,1601992799999,4539.25294290,13,8.49489000,2510.25179290
2020-10-06 16:00:00,294.76000000,295.54000000,293.85000000,295.54000000,75.54530000,1601993699999,22261.53139700,36,39.44573000,11646.43465070
2020-10-06 16:15:00,295.54000000,295.88000000,295.28000000,295.65000000,5.27058000,1601994599999,1558.29188690,17,4.87219000,1440.53239590
2020-10-06 16:30:00,295.65000000,295.65000000,293.74000000,293.74000000,4.64465000,1601995499999,1369.06531560,18,2.39392000,706.45319130
2020-10-06 16:45:00,293.89000000,294.12000000,293.60000000,294.12000000,6.18218000,1601996399999,1816.61761710,15,3.70528000,1089.10093940
2020-10-06 17:00:00,293.67000000,293.67000000,290.79000000,292.73000000,78.92385000,1601997299999,23045.77871540,88,21.43548000,6240.75030310
2020-10-06 17:15:00,292.86000000,296.54000000,292.86000000,296.25000000,38.74314000,1601998199999,11454.48803500,32,38.06117000,11253.63933530
2020-10-06 17:30:00,296.25000000,297.33000000,295.96000000,296.76000000,36.22148000,1601999099999,10744.19796550,67,33.34259000,9891.17240890
2020-10-06 17:45:00,296.76000000,300.50000000,296.76000000,299.96000000,33.45596000,1601999999999,9992.67819170,78,22.30233000,6649.56994940
2020-10-06 18:00:00,299.11000000,300.30000000,298.79000000,299.39000000,16.09702000,1602000899999,4822.77252480,32,5.82227000,1746.66414920
2020-10-06 18:15:00,298.90000000,299.60000000,298.68000000,299.53000000,13.85990000,1602001799999,4147.49576010,18,13.85990000,4147.49576010
2020-10-06 18:30:00,298.31000000,299.41000000,298.08000000,298.55000000,53.71281000,1602002699999,16038.70490810,58,33.47708000,10002.86249290
2020-10-06 18:45:00,298.55000000,298.91000000,298.37000000,298.37000000,18.45375000,1602003599999,5506.73497110,20,1.43605000,428.90238710
2020-10-06 19:00:00,298.37000000,298.73000000,298.17000000,298.54000000,2.09276000,1602004499999,625.00056760,17,2.05883000,614.88365750
2020-10-06 19:15:00,297.06000000,298.08000000,296.75000000,297.75000000,8.50739000,1602005399999,2528.57634260,19,2.41997000,719.97361960
2020-10-06 19:30:00,297.74000000,298.02000000,297.47000000,297.70000000,7.62795000,1602006299999,2271.98857580,23,7.35586000,2191.03034200
2020-10-06 19:45:00,297.93000000,297.97000000,296.92000000,296.92000000,26.57106000,1602007199999,7904.68073400,41,3.25848000,969.71953330
2020-10-06 20:00:00,296.93000000,297.88000000,296.92000000,297.61000000,9.91553000,1602008099999,2949.23175490,28,7.44853000,2216.69267490
2020-10-06 20:15:00,297.65000000,298.51000000,297.07000000,297.75000000,21.99231000,1602008999999,6546.59290120,44,14.84596000,4421.63025620
2020-10-06 20:30:00,297.72000000,298.19000000,297.30000000,297.85000000,6.45227000,1602009899999,1921.60076590,15,5.88027000,1751.54516590
2020-10-06 20:45:00,297.64000000,297.70000000,292.46000000,293.06000000,31.92268000,1602010799999,9407.15581580,68,12.81209000,3784.39547490
2020-10-06 21:00:00,292.60000000,292.64000000,290.00000000,292.42000000,45.99742000,1602011699999,13384.77636840,92,8.03979000,2347.19841640
2020-10-06 21:15:00,291.61000000,292.38000000,290.26000000,291.99000000,21.88012000,1602012599999,6377.96463370,48,9.94747000,2897.95382270
2020-10-06 21:30:00,291.99000000,292.39000000,291.09000000,291.44000000,18.81465000,1602013499999,5491.61429140,33,2.11861000,618.21642280
2020-10-06 21:45:00,291.52000000,291.98000000,290.86000000,291.00000000,35.46525000,1602014399999,10333.03881240,47,4.18069000,1218.03885210
2020-10-06 22:00:00,290.75000000,292.00000000,290.50000000,291.25000000,15.03985000,1602015299999,4383.34905730,32,11.51834000,3359.61084590
2020-10-06 22:15:00,291.26000000,292.00000000,290.98000000,291.17000000,43.68797000,1602016199999,12727.41105920,53,3.83711000,1118.60642240
2020-10-06 22:30:00,291.55000000,291.61000000,289.50000000,289.61000000,43.32838000,1602017099999,12585.68208260,66,3.40346000,991.55825170
2020-10-06 22:45:00,289.62000000,289.86000000,288.03000000,288.99000000,30.44622000,1602017999999,8787.16247840,43,4.48116000,1296.48803590
2020-10-06 23:00:00,288.93000000,289.65000000,288.41000000,289.65000000,5.33887000,1602018899999,1544.23069770,16,5.21497000,1508.49669870
2020-10-06 23:15:00,289.65000000,290.24000000,289.65000000,289.65000000,10.62770000,1602019799999,3083.33989230,24,10.62770000,3083.33989230
2020-10-06 23:30:00,289.67000000,289.67000000,289.48000000,289.48000000,2.20379000,1602020699999,638.11226940,12,1.85834000,538.11140340
2020-10-06 23:45:00,290.49000000,290.49000000,290.49000000,290.49000000,0.41026000,1602021599999,119.17642740,5,0.09258000,26.89356420
2020-10-07 00:00:00,290.50000000,291.95000000,290.50000000,291.95000000,37.63497000,1602022499999,10952.57791920,24,35.95684000,10462.64786570
2020-10-07 00:15:00,291.62000000,291.62000000,291.26000000,291.60000000,1.80499000,1602023399999,526.28864420,6,1.59813000,466.03860060
2020-10-07 00:30:00,291.51000000,291.51000000,290.98000000,291.51000000,1.81849000,1602024299999,530.04551990,13,1.70234000,496.24819290
2020-10-07 00:45:00,290.91000000,291.65000000,290.26000000,290.26000000,5.13721000,1602025199999,1495.26410690,13,1.70655000,497.71530750
2020-10-07 01:00:00,290.17000000,291.65000000,289.95000000,290.36000000,53.52995000,1602026099999,15547.06110910,27,4.00000000,1165.61576080
2020-10-07 01:15:00,290.47000000,291.18000000,290.47000000,291.18000000,0.14729000,1602026999999,42.84459930,2,0.08630000,25.12883400
2020-10-07 01:30:00,290.71000000,291.65000000,290.71000000,291.18000000,1.88022000,1602027899999,547.35743360,14,1.53679000,447.35748620
2020-10-07 01:45:00,290.90000000,291.65000000,290.71000000,291.65000000,2.42136000,1602028799999,704.23380980,8,0.59356000,172.83817180
2020-10-07 02:00:00,291.65000000,291.65000000,291.65000000,291.65000000,0.00000000,1602029699999,0.00000000,0,0.00000000,0.00000000
2020-10-07 02:15:00,290.62000000,290.76000000,290.62000000,290.74000000,2.79410000,1602030599999,812.16362970,7,2.79410000,812.16362970
2020-10-07 02:30:00,290.62000000,290.62000000,290.62000000,290.62000000,0.67229000,1602031499999,195.38091980,3,0.67229000,195.38091980
2020-10-07 02:45:00,290.36000000,291.22000000,289.80000000,291.22000000,9.51165000,1602032399999,2766.30283890,18,9.30944000,2707.66742260
2020-10-07 03:00:00,290.42000000,290.42000000,288.58000000,289.43000000,2.72243000,1602033299999,787.08807820,16,0.38281000,110.93638780
2020-10-07 03:15:00,289.06000000,289.21000000,289.06000000,289.06000000,0.99165000,1602034199999,286.65761250,3,0.00000000,0.00000000
2020-10-07 03:30:00,288.71000000,288.71000000,285.39000000,286.61000000,41.98252000,1602035099999,12036.36921400,76,2.07863000,594.24499320
2020-10-07 03:45:00,286.80000000,288.24000000,286.80000000,288.24000000,1.17739000,1602035999999,338.15493410,11,0.85094000,244.49221020
2020-10-07 04:00:00,288.65000000,289.13000000,288.65000000,289.13000000,1.09093000,1602036899999,315.12088290,7,0.67293000,194.45264290
2020-10-07 04:15:00,289.68000000,289.68000000,288.73000000,288.73000000,0.59257000,1602037799999,171.18067760,4,0.09257000,26.81567760
2020-10-07 04:30:00,289.52000000,289.52000000,289.48000000,289.48000000,0.58028000,1602038699999,167.98266560,4,0.58028000,167.98266560
2020-10-07 04:45:00,289.15000000,289.15000000,289.15000000,289.15000000,0.08122000,1602039599999,23.48476300,1,0.00000000,0.00000000
2020-10-07 05:00:00,289.15000000,289.15000000,289.15000000,289.15000000,0.00000000,1602040499999,0.00000000,0,0.00000000,0.00000000
2020-10-07 05:15:00,289.52000000,289.52000000,287.46000000,287.46000000,9.44776000,1602041399999,2718.05111270,9,1.01218000,293.04635360
2020-10-07 05:30:00,287.65000000,288.81000000,287.65000000,288.81000000,4.40275000,1602042299999,1266.56581950,5,1.99605000,574.27856450
2020-10-07 05:45:00,288.81000000,288.81000000,288.81000000,288.81000000,0.00000000,1602043199999,0.00000000,0,0.00000000,0.00000000
2020-10-07 06:00:00,287.95000000,288.39000000,287.94000000,287.94000000,2.66812000,1602044099999,768.57303600,4,2.63192000,758.14960800
2020-10-07 06:15:00,287.94000000,287.94000000,287.94000000,287.94000000,0.03767000,1602044999999,10.84669980,1,0.00000000,0.00000000
2020-10-07 06:30:00,289.85000000,289.85000000,289.22000000,289.23000000,1.12136000,1602045899999,324.40119600,3,1.12136000,324.40119600
2020-10-07 06:45:00,289.65000000,289.65000000,288.88000000,289.46000000,3.83337000,1602046799999,1108.37572770,14,0.91008000,263.40973610
2020-10-07 07:00:00,289.68000000,290.10000000,288.70000000,288.70000000,17.91121000,1602047699999,5190.43297180,15,11.95761000,3466.80670830
2020-10-07 07:15:00,289.31000000,290.54000000,289.31000000,290.54000000,10.38300000,1602048599999,3008.18527810,16,10.38300000,3008.18527810
2020-10-07 07:30:00,290.51000000,290.74000000,289.70000000,290.59000000,3.67825000,1602049499999,1068.36277270,8,3.67825000,1068.36277270
2020-10-07 07:45:00,290.91000000,290.91000000,290.39000000,290.82000000,0.40954000,1602050399999,119.09237720,3,0.32529000,94.62701970
2020-10-07 08:00:00,290.43000000,290.98000000,290.19000000,290.77000000,5.48678000,1602051299999,1594.53029550,17,4.87322000,1416.31576110
2020-10-07 08:15:00,290.58000000,291.68000000,290.58000000,290.77000000,11.22926000,1602052199999,3267.46170630,16,7.28058000,2118.91252250
2020-10-07 08:30:00,291.21000000,291.21000000,291.21000000,291.21000000,0.43777000,1602053099999,127.48300170,7,0.43777000,127.48300170
2020-10-07 08:45:00,290.73000000,291.59000000,290.73000000,291.39000000,8.21665000,1602053999999,2392.48141960,13,6.02115000,1753.96571040
2020-10-07 09:00:00,291.52000000,292.59000000,290.92000000,292.59000000,9.04106000,1602054899999,2636.49829710,17,8.82806000,2574.46453710
2020-10-07 09:15:00,291.66000000,291.66000000,290.83000000,290.83000000,1.53545000,1602055799999,447.39582130,12,1.23051000,358.54122810
2020-10-07 09:30:00,291.33000000,291.40000000,290.58000000,291.03000000,12.95376000,1602056699999,3768.19012920,39,10.45782000,3042.48673550
2020-10-07 09:45:00,291.52000000,291.70000000,290.80000000,291.68000000,42.91426000,1602057599999,12490.79701420,31,2.59797000,756.32721160
2020-10-07 10:00:00,291.29000000,291.70000000,290.80000000,290.93000000,24.77465000,1602058499999,7218.56415160,31,17.51503000,5107.07665560
2020-10-07 10:15:00,290.97000000,291.58000000,290.80000000,290.80000000,16.28810000,1602059399999,4738.31033000,25,7.58270000,2206.48215730
2020-10-07 10:30:00,290.71000000,291.55000000,290.71000000,291.18000000,9.87606000,1602060299999,2874.91273460,29,9.87606000,2874.91273460
2020-10-07 10:45:00,290.54000000,290.72000000,290.36000000,290.36000000,9.25681000,1602061199999,2689.35354760,13,6.47225000,1880.58791980
2020-10-07 11:00:00,290.28000000,290.28000000,289.75000000,289.75000000,1.99791000,1602062099999,579.49002860,7,0.00000000,0.00000000
2020-10-07 11:15:00,289.80000000,289.80000000,288.35000000,289.49000000,44.39126000,1602062999999,12828.59016890,33,4.79925000,1389.30989490
2020-10-07 11:30:00,288.73000000,290.07000000,288.39000000,290.07000000,25.19962000,1602063899999,7284.46693680,31,7.37172000,2134.22064850
2020-10-07 11:45:00,290.42000000,290.42000000,289.43000000,289.43000000,7.12250000,1602064799999,2066.37193800,24,2.66096000,772.26862740
2020-10-07 12:00:00,289.43000000,290.20000000,289.40000000,289.86000000,3.09341000,1602065699999,896.48812290,15,2.74964000,796.99077180
2020-10-07 12:15:00,289.43000000,290.25000000,289.43000000,290.17000000,20.69321000,1602066599999,5999.72839900,26,17.93969000,5202.35586830
2020-10-07 12:30:00,289.96000000,289.96000000,288.65000000,289.03000000,20.89015000,1602067499999,6039.63949920,27,2.37655000,687.76843130
2020-10-07 12:45:00,289.08000000,290.42000000,288.59000000,290.25000000,18.21188000,1602068399999,5269.11850040,28,5.70945000,1654.83356130
2020-10-07 13:00:00,290.76000000,290.86000000,289.59000000,289.59000000,3.32924000,1602069299999,966.95752500,9,2.08625000,606.58331490
2020-10-07 13:15:00,289.59000000,289.59000000,288.61000000,289.12000000,1.49216000,1602070199999,431.41702230,7,1.22310000,353.69498920
2020-10-07 13:30:00,289.19000000,289.66000000,288.81000000,289.56000000,11.71518000,1602071099999,3388.26362110,29,2.57982000,746.76289000
2020-10-07 13:45:00,289.66000000,290.23000000,289.36000000,289.78000000,34.98492000,1602071999999,10138.53138340,37,18.35796000,5321.49887960
2020-10-07 14:00:00,289.57000000,291.81000000,289.56000000,291.68000000,12.50846000,1602072899999,3641.04215350,20,9.74738000,2841.53882870
2020-10-07 14:15:00,291.41000000,291.41000000,290.83000000,291.25000000,2.46874000,1602073799999,718.97151110,15,0.70733000,205.95275510
2020-10-07 14:30:00,291.25000000,291.28000000,290.85000000,291.18000000,2.63379000,1602074699999,766.57403800,16,2.63379000,766.57403800
2020-10-07 14:45:00,291.17000000,291.37000000,290.60000000,290.60000000,4.61169000,1602075599999,1341.80075550,15,0.94109000,274.13053530
2020-10-07 15:00:00,291.19000000,291.54000000,290.98000000,291.21000000,7.35128000,1602076499999,2140.50584970,22,7.35128000,2140.50584970
2020-10-07 15:15:00,291.31000000,291.37000000,289.87000000,289.87000000,47.26632000,1602077399999,13757.15086190,45,9.02863000,2624.70424400
2020-10-07 15:30:00,290.89000000,290.89000000,290.54000000,290.83000000,4.93097000,1602078299999,1433.43831230,16,4.93097000,1433.43831230
2020-10-07 15:45:00,290.71000000,290.96000000,290.71000000,290.81000000,7.98420000,1602079199999,2322.32889170,11,6.67292000,1940.81255810
2020-10-07 16:00:00,290.90000000,290.90000000,289.66000000,289.87000000,5.07442000,1602080099999,1473.64634520,23,4.79252000,1391.93084890
2020-10-07 16:15:00,289.96000000,290.64000000,289.96000000,290.20000000,7.06184000,1602080999999,2050.13559960,9,5.29899000,1538.97961360
2020-10-07 16:30:00,290.64000000,290.90000000,290.64000000,290.90000000,1.58880000,1602081899999,462.07501840,5,1.22827000,357.29057920
2020-10-07 16:45:00,290.50000000,291.34000000,290.50000000,291.34000000,26.99081000,1602082799999,7854.82241280,19,2.13133000,620.76669720
2020-10-07 17:00:00,291.34000000,291.37000000,290.49000000,291.19000000,65.06756000,1602083699999,18906.60116640,32,6.91096000,2012.21677220
2020-10-07 17:15:00,291.19000000,292.36000000,290.64000000,291.42000000,26.95342000,1602084599999,7862.25642730,50,15.10360000,4411.59586870
2020-10-07 17:30:00,292.07000000,292.36000000,290.80000000,291.19000000,13.77910000,1602085499999,4022.76047140,32,8.37932000,2446.64442290
2020-10-07 17:45:00,290.89000000,291.52000000,290.64000000,290.77000000,9.80940000,1602086399999,2854.79426660,19,9.20458000,2679.00559780
2020-10-07 18:00:00,290.64000000,290.64000000,289.69000000,289.69000000,39.88769000,1602087299999,11567.68215970,41,13.48762000,3916.15981330
2020-10-07 18:15:00,289.69000000,290.30000000,288.56000000,288.56000000,77.67081000,1602088199999,22502.77763330,57,21.99543000,6375.73380240
2020-10-07 18:30:00,289.22000000,289.44000000,288.00000000,288.94000000,40.78845000,1602089099999,11781.38892790,47,8.70949000,2513.82771530
2020-10-07 18:45:00,288.94000000,289.31000000,288.25000000,288.70000000,43.27059000,1602089999999,12489.75330770,47,12.17289000,3517.63006560
2020-10-07 19:00:00,289.14000000,289.50000000,288.46000000,288.88000000,24.07888000,1602090899999,6954.40085190,36,4.11075000,1187.73836320
2020-10-07 19:15:00,288.01000000,289.09000000,287.94000000,288.31000000,57.63854000,1602091799999,16616.36428240,45,13.59957000,3923.75592940
2020-10-07 19:30:00,288.31000000,289.29000000,288.08000000,289.29000000,12.85399000,1602092699999,3711.08448770,21,9.11163000,2629.63314250
2020-10-07 19:45:00,289.05000000,289.52000000,288.79000000,289.52000000,11.45010000,1602093599999,3309.36678750,25,1.70971000,494.62899440
2020-10-07 20:00:00,288.95000000,289.93000000,288.84000000,289.93000000,1.28051000,1602094499999,370.50449920,10,1.05583000,305.59797040
2020-10-07 20:15:00,290.00000000,291.72000000,290.00000000,291.72000000,27.05099000,1602095399999,7869.38959610,34,27.05099000,7869.38959610
2020-10-07 20:30:00,291.19000000,291.30000000,291.05000000,291.05000000,45.39641000,1602096299999,13219.08646410,33,43.89641000,12782.30146410
2020-10-07 20:45:00,290.78000000,291.92000000,290.78000000,291.46000000,19.81880000,1602097199999,5781.49073440,23,19.28869000,5627.22698000
2020-10-07 21:00:00,291.49000000,292.30000000,291.26000000,292.06000000,56.60926000,1602098099999,16531.64285930,52,53.16737000,15528.17569220
2020-10-07 21:15:00,291.57000000,291.86000000,290.94000000,290.95000000,5.07094000,1602098999999,1477.64900190,14,2.41645000,704.81239500
2020-10-07 21:30:00,291.29000000,291.29000000,291.00000000,291.18000000,5.73352000,1602099899999,1669.08188480,14,3.35383000,976.53987100
2020-10-07 21:45:00,291.18000000,291.65000000,291.18000000,291.46000000,3.36644000,1602100799999,981.14970500,14,2.88650000,841.38637760
2020-10-07 22:00:00,291.00000000,291.69000000,291.00000000,291.69000000,5.69405000,1602101699999,1658.29787590,18,4.54440000,1323.74972590
2020-10-07 22:15:00,291.02000000,291.31000000,290.20000000,290.83000000,13.39395000,1602102599999,3892.12278260,24,1.09448000,318.75105740
2020-10-07 22:30:00,291.55000000,292.06000000,291.20000000,291.20000000,8.65027000,1602103499999,2520.60105160,21,5.11060000,1489.83187410
2020-10-07 22:45:00,291.20000000,291.44000000,290.36000000,290.84000000,15.33710000,1602104399999,4460.40669940,29,2.85944000,832.26441220
2020-10-07 23:00:00,290.74000000,291.00000000,290.60000000,290.96000000,10.81311000,1602105299999,3145.39669290,17,2.58697000,752.59687810
2020-10-07 23:15:00,290.95000000,290.95000000,290.55000000,290.76000000,4.58515000,1602106199999,1332.94007340,13,0.97355000,283.20215290
2020-10-07 23:30:00,290.74000000,290.76000000,290.21000000,290.34000000,2.05346000,1602107099999,596.36192070,10,0.79246000,230.38611070
2020-10-07 23:45:00,289.96000000,290.35000000,289.78000000,290.35000000,2.60661000,1602107999999,756.14503440,9,0.97825000,284.02697440
2020-10-08 00:00:00,290.76000000,290.76000000,290.76000000,290.76000000,0.28577000,1602108899999,83.09048520,4,0.28577000,83.09048520
2020-10-08 00:15:00,290.15000000,290.42000000,290.15000000,290.22000000,3.60246000,1602109799999,1045.66135630,10,3.60246000,1045.66135630
2020-10-08 00:30:00,290.00000000,290.00000000,289.53000000,289.53000000,0.39169000,1602110699999,113.56446150,4,0.33714000,97.77060000
2020-10-08 00:45:00,290.01000000,290.29000000,290.01000000,290.29000000,3.49592000,1602111599999,1014.45527720,5,0.16592000,48.12855920
2020-10-08 01:00:00,290.49000000,290.95000000,290.49000000,290.95000000,3.53852000,1602112499999,1028.45562230,8,3.42185000,994.56415400
2020-10-08 01:15:00,290.27000000,290.27000000,290.09000000,290.09000000,0.89000000,1602113399999,258.28690120,3,0.00000000,0.00000000
2020-10-08 01:30:00,290.94000000,290.94000000,290.94000000,290.94000000,0.16800000,1602114299999,48.87792000,3,0.16800000,48.87792000
2020-10-08 01:45:00,290.99000000,291.35000000,290.97000000,291.35000000,2.05361000,1602115199999,597.68758380,8,0.29803000,86.79825720
2020-10-08 02:00:00,291.75000000,291.81000000,290.81000000,290.83000000,6.44653000,1602116099999,1877.89001860,18,5.65271000,1646.48526000
2020-10-08 02:15:00,290.28000000,290.28000000,290.28000000,290.28000000,0.03800000,1602116999999,11.03064000,1,0.00000000,0.00000000
2020-10-08 02:30:00,290.28000000,290.28000000,289.88000000,289.88000000,0.82098000,1602117899999,238.03529220,5,0.00000000,0.00000000
2020-10-08 02:45:00,290.36000000,290.36000000,290.36000000,290.36000000,0.30306000,1602118799999,87.99650160,3,0.30306000,87.99650160
2020-10-08 03:00:00,290.36000000,290.36000000,290.36000000,290.36000000,0.00000000,1602119699999,0.00000000,0,0.00000000,0.00000000
2020-10-08 03:15:00,290.36000000,290.36000000,289.53000000,289.53000000,2.27894000,1602120599999,660.02820140,3,0.00000000,0.00000000
2020-10-08 03:30:00,289.53000000,289.53000000,289.11000000,289.17000000,1.89472000,1602121499999,547.79450820,6,1.89466000,547.77713640
2020-10-08 03:45:00,289.56000000,290.02000000,289.09000000,290.02000000,0.46797000,1602122399999,135.55210670,5,0.36475000,105.71223690
2020-10-08 04:00:00,289.21000000,289.21000000,289.21000000,289.21000000,1.03222000,1602123299999,298.52834620,1,0.00000000,0.00000000
2020-10-08 04:15:00,288.94000000,288.94000000,288.94000000,288.94000000,0.08967000,1602124199999,25.90924980,1,0.00000000,0.00000000
2020-10-08 04:30:00,288.93000000,288.93000000,288.93000000,288.93000000,0.33987000,1602125099999,98.19863910,3,0.00000000,0.00000000
2020-10-08 04:45:00,288.93000000,288.93000000,288.93000000,288.93000000,0.00000000,1602125999999,0.00000000,0,0.00000000,0.00000000
2020-10-08 05:00:00,289.20000000,290.12000000,288.56000000,290.12000000,2.08220000,1602126899999,601.86882920,16,0.42529000,123.20791470
2020-10-08 05:15:00,290.25000000,290.25000000,290.25000000,290.25000000,1.01058000,1602127799999,293.32084500,3,1.01058000,293.32084500
2020-10-08 05:30:00,289.62000000,289.62000000,289.62000000,289.62000000,0.65835000,1602128699999,190.67132700,4,0.65835000,190.67132700
2020-10-08 05:45:00,289.62000000,289.62000000,289.62000000,289.62000000,0.00000000,1602129599999,0.00000000,0,0.00000000,0.00000000
2020-10-08 06:00:00,289.36000000,289.44000000,289.36000000,289.44000000,8.88771000,1602130499999,2571.75551360,6,0.09685000,28.03226400
2020-10-08 06:15:00,289.44000000,289.44000000,289.44000000,289.44000000,0.00000000,1602131399999,0.00000000,0,0.00000000,0.00000000
2020-10-08 06:30:00,290.68000000,290.68000000,290.68000000,290.68000000,0.05160000,1602132299999,14.99908800,1,0.05160000,14.99908800
2020-10-08 06:45:00,290.18000000,290.18000000,290.18000000,290.18000000,0.08000000,1602133199999,23.21440000,1,0.00000000,0.00000000
2020-10-08 07:00:00,289.41000000,289.79000000,289.14000000,289.14000000,5.95531000,1602134099999,1723.51056620,3,0.06973000,20.20705670
2020-10-08 07:15:00,289.14000000,289.14000000,289.14000000,289.14000000,1.00000000,1602134999999,289.14000000,2,0.00000000,0.00000000
2020-10-08 07:30:00,289.56000000,289.73000000,289.46000000,289.60000000,7.82263000,1602135899999,2265.12105360,10,7.82263000,2265.12105360
2020-10-08 07:45:00,289.12000000,289.12000000,289.12000000,289.12000000,0.16900000,1602136799999,48.86128000,3,0.16900000,48.86128000
2020-10-08 08:00:00,289.65000000,289.65000000,289.65000000,289.65000000,1.09705000,1602137699999,317.76053250,3,1.09705000,317.76053250
2020-10-08 08:15:00,290.00000000,290.00000000,289.78000000,290.00000000,49.26281000,1602138599999,14285.79632950,37,49.26281000,14285.79632950
2020-10-08 08:30:00,290.00000000,290.00000000,290.00000000,290.00000000,2.87720000,1602139499999,834.38800000,9,2.87720000,834.38800000
2020-10-08 08:45:00,289.26000000,289.72000000,289.26000000,289.31000000,3.59135000,1602140399999,1039.55968760,6,3.59135000,1039.55968760
2020-10-08 09:00:00,289.32000000,290.14000000,284.59000000,286.27000000,133.22600000,1602141299999,38276.24020240,109,66.93256000,19293.52661790
2020-10-08 09:15:00,286.84000000,287.54000000,286.17000000,286.17000000,24.67110000,1602142199999,7075.19590880,35,5.53306000,1586.45106030
2020-10-08 09:30:00,286.76000000,287.29000000,286.73000000,286.77000000,39.49233000,1602143099999,11326.69847760,59,34.41627000,9871.21179380
2020-10-08 09:45:00,287.02000000,287.41000000,286.76000000,287.22000000,7.80207000,1602143999999,2241.03697510,17,6.28939000,1806.86756150
2020-10-08 10:00:00,286.91000000,287.49000000,286.69000000,287.19000000,22.29426000,1602144899999,6398.29168800,19,10.51072000,3015.69685460
2020-10-08 10:15:00,287.19000000,287.49000000,286.87000000,286.87000000,5.44426000,1602145799999,1563.23050490,10,2.67651000,768.74716570
2020-10-08 10:30:00,287.20000000,287.49000000,286.71000000,286.78000000,11.38486000,1602146699999,3270.86063260,23,9.81598000,2821.01544360
2020-10-08 10:45:00,287.35000000,287.35000000,286.27000000,286.27000000,2.31819000,1602147599999,664.90454290,6,0.59582000,170.98925880
2020-10-08 11:00:00,286.17000000,287.33000000,285.56000000,287.03000000,36.52935000,1602148499999,10453.02357340,46,11.31738000,3245.01266570
2020-10-08 11:15:00,287.33000000,287.73000000,287.03000000,287.25000000,15.13019000,1602149399999,4351.57165330,21,14.99980000,4314.13733360
2020-10-08 11:30:00,287.21000000,287.21000000,287.03000000,287.06000000,2.35759000,1602150299999,676.89430130,8,0.84915000,243.88266870
2020-10-08 11:45:00,287.23000000,287.60000000,287.03000000,287.03000000,5.57631000,1602151199999,1602.25877330,20,4.29091000,1233.08945680
2020-10-08 12:00:00,287.39000000,288.83000000,287.39000000,288.26000000,96.14818000,1602152099999,27710.55270540,46,38.91864000,11222.78673140
2020-10-08 12:15:00,287.99000000,289.67000000,287.99000000,289.67000000,5.00326000,1602152999999,1445.30422610,12,4.56198000,1317.84049810
2020-10-08 12:30:00,289.22000000,289.35000000,288.66000000,289.00000000,18.83507000,1602153899999,5443.07949530,21,15.88637000,4591.39949450
2020-10-08 12:45:00,289.38000000,289.38000000,288.49000000,289.27000000,6.80912000,1602154799999,1968.63662820,23,6.70700000,1939.17602940
2020-10-08 13:00:00,288.98000000,289.47000000,288.26000000,289.04000000,26.43865000,1602155699999,7642.00423840,33,23.64479000,6835.10494320
2020-10-08 13:15:00,288.64000000,289.31000000,287.72000000,288.62000000,34.50119000,1602156599999,9958.38818820,37,21.23912000,6139.36505960
2020-10-08 13:30:00,288.81000000,288.81000000,288.50000000,288.81000000,3.90344000,1602157499999,1126.84027360,16,2.90344000,838.22027360
2020-10-08 13:45:00,288.58000000,288.77000000,288.18000000,288.77000000,5.52219000,1602158399999,1593.46862400,9,4.53040000,1307.65458180
2020-10-08 14:00:00,288.51000000,290.00000000,288.03000000,290.00000000,9.19027000,1602159299999,2656.73432660,22,8.08585000,2338.59296510
2020-10-08 14:15:00,289.66000000,290.33000000,289.62000000,290.33000000,17.24238000,1602160199999,4999.94519400,28,15.63485000,4533.23100910
2020-10-08 14:30:00,290.40000000,290.78000000,289.96000000,290.74000000,4.65664000,1602161099999,1353.30660480,16,4.18664000,1216.95546020
2020-10-08 14:45:00,290.56000000,291.10000000,290.14000000,291.10000000,5.73653000,1602161999999,1667.65432860,22,5.11557000,1487.47899420
2020-10-08 15:00:00,291.10000000,293.18000000,290.73000000,292.63000000,84.17070000,1602162899999,24593.58920230,64,81.99982000,23959.98377400
2020-10-08 15:15:00,292.63000000,294.40000000,292.63000000,294.40000000,47.31475000,1602163799999,13911.28099430,74,15.96875000,4694.24999820
2020-10-08 15:30:00,293.54000000,294.00000000,293.00000000,293.36000000,21.86739000,1602164699999,6417.68382000,50,14.75803000,4332.27633030
2020-10-08 15:45:00,293.80000000,294.48000000,293.04000000,294.31000000,25.75629000,1602165599999,7570.98746970,39,25.31520000,7441.60771590
2020-10-08 16:00:00,294.48000000,295.00000000,292.95000000,293.00000000,53.10160000,1602166499999,15603.59405460,76,46.72483000,13728.04991690
2020-10-08 16:15:00,293.52000000,294.36000000,293.40000000,294.35000000,28.76989000,1602167399999,8451.72085730,34,28.15235000,8270.50921720
2020-10-08 16:30:00,294.38000000,298.00000000,294.38000000,298.00000000,105.76722000,1602168299999,31358.97771820,181,71.46984000,21232.10173740
2020-10-08 16:45:00,298.00000000,298.70000000,297.78000000,298.70000000,29.48062000,1602169199999,8784.91733390,47,21.83692000,6506.95707660
2020-10-08 17:00:00,298.75000000,299.00000000,298.75000000,298.99000000,31.03142000,1602170099999,9277.93633860,39,29.35142000,8775.63313860
